timestamp,sum_open_interest,sum_open_interest_value
2023-01-01 23:55:00+00:00,108830.564,1806837672.6972
2023-01-02 23:55:00+00:00,105352.219,1756474336.0556
2023-01-03 23:55:00+00:00,105110.378,1751940974.161322
2023-01-04 23:55:00+00:00,101498.198,1710214186.8406
2023-01-05 23:55:00+00:00,103949.238,1748563015.830925
2023-01-06 23:55:00+00:00,103539.278,1754461652.4739175
2023-01-07 23:55:00+00:00,105497.848,1786911999.6392
2023-01-08 23:55:00+00:00,104119.714,1776823743.3528
2023-01-09 23:55:00+00:00,103332.126,1776000249.1998
2023-01-10 23:55:00+00:00,113065.419,1970285525.422768
2023-01-11 23:55:00+00:00,106693.896,1913475060.91884
2023-01-12 23:55:00+00:00,108983.083,2055159385.9808
2023-01-13 23:55:00+00:00,111241.425,2215139371.8825
2023-01-14 23:55:00+00:00,93764.75,1967315725.65
2023-01-15 23:55:00+00:00,94253.916,1966673935.0812
2023-01-16 23:55:00+00:00,98021.068,2074635508.4336
2023-01-17 23:55:00+00:00,102083.561,2158999462.382404
2023-01-18 23:55:00+00:00,101584.811,2101657679.3357
2023-01-19 23:55:00+00:00,105152.057,2216559169.85862
2023-01-20 23:55:00+00:00,98555.885,2234577291.782
2023-01-21 23:55:00+00:00,95413.05,2171792314.2859693
2023-01-22 23:55:00+00:00,94239.026,2141327420.4798
2023-01-23 23:55:00+00:00,92177.102,2114736291.7942
2023-01-24 23:55:00+00:00,92350.985,2088517525.775
2023-01-25 23:55:00+00:00,86128.971,1992324061.160218
2023-01-26 23:55:00+00:00,88628.396,2039286214.9224
2023-01-27 23:55:00+00:00,90122.664,2076669509.7528
2023-01-28 23:55:00+00:00,90390.182,2078910912.8726
2023-01-29 23:55:00+00:00,103234.124,2454701000.472
2023-01-30 23:55:00+00:00,93355.541,2130960386.2811527
2023-01-31 23:55:00+00:00,97545.19,2257588964.984236
2023-02-01 23:55:00+00:00,100348.975,2379173848.275
2023-02-02 23:55:00+00:00,97496.256,2289650824.032
2023-02-03 23:55:00+00:00,96766.313,2266485859.0991607
2023-02-04 23:55:00+00:00,98563.961,2297575212.8905
2023-02-05 23:55:00+00:00,102564.024,2353023838.608
2023-02-06 23:55:00+00:00,103008.605,2342870437.8592176
2023-02-07 23:55:00+00:00,101350.574,2357183228.157967
2023-02-08 23:55:00+00:00,104989.943,2408721268.2832
2023-02-09 23:55:00+00:00,99725.63,2172482959.298
2023-02-10 23:55:00+00:00,101847.78,2202952291.504326
2023-02-11 23:55:00+00:00,101930.565,2228406012.03
2023-02-12 23:55:00+00:00,99006.882,2152726436.7024
2023-02-13 23:55:00+00:00,100248.144,2186412020.64
2023-02-14 23:55:00+00:00,103443.876,2295557705.675164
2023-02-15 23:55:00+00:00,108467.563,2639742830.078086
2023-02-16 23:55:00+00:00,108414.525,2555022255.8325963
2023-02-17 23:55:00+00:00,107888.419,2649783837.5312734
2023-02-18 23:55:00+00:00,110183.413,2715779195.3421073
2023-02-19 23:55:00+00:00,107075.046,2604846766.5558
2023-02-20 23:55:00+00:00,111300.906,2761765031.031
2023-02-21 23:55:00+00:00,109693.367,2678312876.256437
2023-02-22 23:55:00+00:00,105347.033,2547196445.6103
2023-02-23 23:55:00+00:00,104235.841,2494941798.3957853
2023-02-24 23:55:00+00:00,105790.853,2452813822.2315
2023-02-25 23:55:00+00:00,109660.959,2540054861.1252
2023-02-26 23:55:00+00:00,106761.605,2511395320.22083
2023-02-27 23:55:00+00:00,100666.015,2364312494.5005
2023-02-28 23:55:00+00:00,103353.359,2388800277.3293967
2023-03-01 23:55:00+00:00,103710.078,2451571816.5876656
2023-03-02 23:55:00+00:00,108443.113,2543684053.863105
2023-03-03 23:55:00+00:00,101571.299,2267426893.2265
2023-03-04 23:55:00+00:00,99460.43,2220662966.653
2023-03-05 23:55:00+00:00,99418.997,2229588486.171869
2023-03-06 23:55:00+00:00,103603.494,2320363405.9707265
2023-03-07 23:55:00+00:00,104667.169,2322124878.0002
2023-03-08 23:55:00+00:00,107056.127,2321805178.548597
2023-03-09 23:55:00+00:00,99032.616,2015055285.5978048
2023-03-10 23:55:00+00:00,96755.462,1946883524.9179847
2023-03-11 23:55:00+00:00,92112.538,1885706304.1046472
2023-03-12 23:55:00+00:00,86517.236,1899563781.8924
2023-03-13 23:55:00+00:00,99251.682,2387852743.546254
2023-03-14 23:55:00+00:00,96622.75,2387132674.675
2023-03-15 23:55:00+00:00,93282.503,2264422937.5850844
2023-03-16 23:55:00+00:00,103805.872,2595375172.9184
2023-03-17 23:55:00+00:00,107231.352,2928863532.852
2023-03-18 23:55:00+00:00,106478.031,2865929377.3648057
2023-03-19 23:55:00+00:00,111961.309,3123048753.246
2023-03-20 23:55:00+00:00,111211.522,3079280226.897
2023-03-21 23:55:00+00:00,110508.861,3104869499.219228
2023-03-22 23:55:00+00:00,102302.836,2787850959.3928137
2023-03-23 23:55:00+00:00,103899.76,2941795274.884089
2023-03-24 23:55:00+00:00,98059.919,2688028305.6199
2023-03-25 23:55:00+00:00,97209.493,2668305533.152655
2023-03-26 23:55:00+00:00,102629.095,2870339557.0618863
2023-03-27 23:55:00+00:00,98842.385,2681584637.5207696
2023-03-28 23:55:00+00:00,102259.053,2787234103.9998
2023-03-29 23:55:00+00:00,109511.276,3102761080.6528
2023-03-30 23:55:00+00:00,101878.975,2853894975.085
2023-03-31 23:55:00+00:00,107656.907,3063910772.2343946
2023-04-01 23:55:00+00:00,105961.485,3014774723.4600983
2023-04-02 23:55:00+00:00,104861.668,2954640763.4366207
2023-04-03 23:55:00+00:00,94262.126,2616905142.012
2023-04-04 23:55:00+00:00,97309.131,2740002697.276708
2023-04-05 23:55:00+00:00,96112.037,2706620685.1607
2023-04-06 23:55:00+00:00,98516.755,2759139053.934
2023-04-07 23:55:00+00:00,101978.693,2844389705.156
2023-04-08 23:55:00+00:00,101865.603,2843734508.1998644
2023-04-09 23:55:00+00:00,103683.473,2935726575.9622865
2023-04-10 23:55:00+00:00,118347.296,3502500059.8496
2023-04-11 23:55:00+00:00,113944.471,3443060080.207
2023-04-12 23:55:00+00:00,113700.363,3395440137.390174
2023-04-13 23:55:00+00:00,111911.107,3396026467.114908
2023-04-14 23:55:00+00:00,99957.371,3045441205.2054
2023-04-15 23:55:00+00:00,101335.518,3069554175.738
2023-04-16 23:55:00+00:00,99974.779,3028151018.692647
2023-04-17 23:55:00+00:00,100537.124,2956123218.1092
2023-04-18 23:55:00+00:00,98961.834,3003560935.1838
2023-04-19 23:55:00+00:00,96398.567,2775748537.4815
2023-04-20 23:55:00+00:00,99015.036,2797016342.9424
2023-04-21 23:55:00+00:00,102306.642,2789549940.3782854
2023-04-22 23:55:00+00:00,104477.705,2905660797.0665
2023-04-23 23:55:00+00:00,103239.72,2846595294.174308
2023-04-24 23:55:00+00:00,102400.925,2816801360.19182
2023-04-25 23:55:00+00:00,101727.085,2880059774.3651924
2023-04-26 23:55:00+00:00,92138.294,2613065468.8638473
2023-04-27 23:55:00+00:00,98965.181,2915217308.441658
2023-04-28 23:55:00+00:00,100443.384,2944271465.5484567
2023-04-29 23:55:00+00:00,100274.392,2928447007.911402
2023-04-30 23:55:00+00:00,98603.845,2888727515.0922694
2023-05-01 23:55:00+00:00,101704.991,2854828585.8727
2023-05-02 23:55:00+00:00,101352.14,2901572090.8742814
2023-05-03 23:55:00+00:00,96881.421,2809067113.7529
2023-05-04 23:55:00+00:00,101150.226,2914117781.0148
2023-05-05 23:55:00+00:00,105066.984,3097626849.0816
2023-05-06 23:55:00+00:00,98576.097,2844205389.770412
2023-05-07 23:55:00+00:00,99776.713,2837739975.655756
2023-05-08 23:55:00+00:00,105483.638,2920521606.270738
2023-05-09 23:55:00+00:00,108366.507,2994545871.1845
2023-05-10 23:55:00+00:00,101812.58,2811481572.7343297
2023-05-11 23:55:00+00:00,108769.133,2935480555.768904
2023-05-12 23:55:00+00:00,106741.877,2859625559.0177
2023-05-13 23:55:00+00:00,107439.308,2876297547.2562304
2023-05-14 23:55:00+00:00,107787.92,2899204020.616
2023-05-15 23:55:00+00:00,107218.265,2913793493.354984
2023-05-16 23:55:00+00:00,108701.108,2936484341.8444
2023-05-17 23:55:00+00:00,107717.295,2949813226.4780526
2023-05-18 23:55:00+00:00,104923.064,2814697591.7832
2023-05-19 23:55:00+00:00,104135.566,2796508557.147
2023-05-20 23:55:00+00:00,104910.991,2843234616.168189
2023-05-21 23:55:00+00:00,106075.082,2836458300.1882
2023-05-22 23:55:00+00:00,105318.849,2826290748.688
2023-05-23 23:55:00+00:00,104986.398,2856974527.1763587
2023-05-24 23:55:00+00:00,114955.388,3026350031.1044
2023-05-25 23:55:00+00:00,112009.395,2963871702.1557846
2023-05-26 23:55:00+00:00,106124.898,2833375589.253
2023-05-27 23:55:00+00:00,108509.587,2911909021.9385
2023-05-28 23:55:00+00:00,111123.88,3121680924.572
2023-05-29 23:55:00+00:00,111665.361,3096592125.891
2023-05-30 23:55:00+00:00,111159.584,3075963544.6144
2023-05-31 23:55:00+00:00,111835.666,3043126756.8262
2023-06-01 23:55:00+00:00,113512.884,3041271241.9932
2023-06-02 23:55:00+00:00,112574.959,3064405046.996226
2023-06-03 23:55:00+00:00,114427.864,3094026457.4824
2023-06-04 23:55:00+00:00,108910.339,2951099891.7474
2023-06-05 23:55:00+00:00,119703.257,3079246583.068
2023-06-06 23:55:00+00:00,109276.405,2971444004.76
2023-06-07 23:55:00+00:00,103134.113,2718130488.3489
2023-06-08 23:55:00+00:00,103365.912,2737370808.17666
2023-06-09 23:55:00+00:00,102600.296,2716804537.932
2023-06-10 23:55:00+00:00,101877.44,2631575777.152
2023-06-11 23:55:00+00:00,99498.324,2577764921.3926454
2023-06-12 23:55:00+00:00,102429.719,2650983557.439
2023-06-13 23:55:00+00:00,103262.894,2674498628.3106
2023-06-14 23:55:00+00:00,103676.104,2603313569.8734994
2023-06-15 23:55:00+00:00,104064.098,2661558584.962539
2023-06-16 23:55:00+00:00,104683.485,2757017539.3995
2023-06-17 23:55:00+00:00,103336.204,2739866446.4764
2023-06-18 23:55:00+00:00,104265.911,2744664561.3907
2023-06-19 23:55:00+00:00,109297.517,2926842940.477107
2023-06-20 23:55:00+00:00,121586.072,3448212211.015957
2023-06-21 23:55:00+00:00,116876.639,3512143001.95
2023-06-22 23:55:00+00:00,117868.697,3524556925.1728
2023-06-23 23:55:00+00:00,115129.513,3523987750.4657
2023-06-24 23:55:00+00:00,113465.673,3465185986.085172
2023-06-25 23:55:00+00:00,113831.688,3466013813.874014
2023-06-26 23:55:00+00:00,114980.488,3479977319.432988
2023-06-27 23:55:00+00:00,116005.417,3561002857.2753954
2023-06-28 23:55:00+00:00,112157.56,3372802144.32
2023-06-29 23:55:00+00:00,118245.274,3600217651.72171
2023-06-30 23:55:00+00:00,106000.787,3231182226.1083126
2023-07-01 23:55:00+00:00,109297.114,3342481472.1443505
2023-07-02 23:55:00+00:00,108567.819,3324529906.8684444
2023-07-03 23:55:00+00:00,117790.91,3668481895.4879255
2023-07-04 23:55:00+00:00,113978.741,3506669945.606
2023-07-05 23:55:00+00:00,112524.927,3431773971.1533
2023-07-06 23:55:00+00:00,103023.136,3085989113.383438
2023-07-07 23:55:00+00:00,103474.852,3135908864.712
2023-07-08 23:55:00+00:00,103417.433,3128808719.7888803
2023-07-09 23:55:00+00:00,102280.534,3083670765.577006
2023-07-10 23:55:00+00:00,105970.925,3221262664.9747953
2023-07-11 23:55:00+00:00,107958.057,3304496756.787693
2023-07-12 23:55:00+00:00,111207.495,3377560675.8915
2023-07-13 23:55:00+00:00,111251.884,3496583682.7964683
2023-07-14 23:55:00+00:00,101218.264,3065720733.642872
2023-07-15 23:55:00+00:00,100166.722,3031265374.5084
2023-07-16 23:55:00+00:00,100914.517,3048244083.4054
2023-07-17 23:55:00+00:00,104796.208,3159267644.505436
2023-07-18 23:55:00+00:00,106871.785,3188690700.331
2023-07-19 23:55:00+00:00,104830.827,3136538343.84
2023-07-20 23:55:00+00:00,109741.984,3267975530.8919835
2023-07-21 23:55:00+00:00,106641.249,3188200100.7285
2023-07-22 23:55:00+00:00,106104.839,3155791342.5058
2023-07-23 23:55:00+00:00,100438.528,3018579520.512
2023-07-24 23:55:00+00:00,111783.054,3261589121.34839
2023-07-25 23:55:00+00:00,108289.552,3164820603.706982
2023-07-26 23:55:00+00:00,109215.116,3203600400.115402
2023-07-27 23:55:00+00:00,109903.596,3209163022.4808
2023-07-28 23:55:00+00:00,107974.662,3163813682.8656344
2023-07-29 23:55:00+00:00,108230.511,3176240806.317
2023-07-30 23:55:00+00:00,106354.161,3112123852.942784
2023-07-31 23:55:00+00:00,108848.649,3181403368.4895754
2023-08-01 23:55:00+00:00,109366.38,3243205315.71
2023-08-02 23:55:00+00:00,112389.114,3275429621.601383
2023-08-03 23:55:00+00:00,111599.595,3257051365.594605
2023-08-04 23:55:00+00:00,114691.666,3337516011.4334
2023-08-05 23:55:00+00:00,112647.61,3273945077.996
2023-08-06 23:55:00+00:00,111146.048,3231871439.9296
2023-08-07 23:55:00+00:00,111593.785,3258237218.7805
2023-08-08 23:55:00+00:00,124013.292,3690445328.5869026
2023-08-09 23:55:00+00:00,118156.705,3495475908.2851195
2023-08-10 23:55:00+00:00,118619.19,3492872530.659
2023-08-11 23:55:00+00:00,118264.448,3478855175.9232
2023-08-12 23:55:00+00:00,117209.238,3448084805.3316
2023-08-13 23:55:00+00:00,114752.923,3361441765.573782
2023-08-14 23:55:00+00:00,107377.723,3158998921.7985
2023-08-15 23:55:00+00:00,114193.358,3333176679.3954353
2023-08-16 23:55:00+00:00,116933.237,3358610711.3383026
2023-08-17 23:55:00+00:00,106577.393,2834308531.7027
2023-08-18 23:55:00+00:00,95823.468,2496220506.0936
2023-08-19 23:55:00+00:00,87632.047,2285150043.9218864
2023-08-20 23:55:00+00:00,89701.308,2347294857.6132
2023-08-21 23:55:00+00:00,91004.523,2375572967.9397
2023-08-22 23:55:00+00:00,87020.026,2265897053.0088
2023-08-23 23:55:00+00:00,83971.617,2216724731.3745
2023-08-24 23:55:00+00:00,85646.23,2237764697.44
2023-08-25 23:55:00+00:00,84104.64,2190799715.04
2023-08-26 23:55:00+00:00,85658.773,2227939674.8603926
2023-08-27 23:55:00+00:00,86583.037,2258379987.2858
2023-08-28 23:55:00+00:00,86251.751,2252699702.950573
2023-08-29 23:55:00+00:00,92123.711,2552296625.6261
2023-08-30 23:55:00+00:00,89238.534,2435007257.991
2023-08-31 23:55:00+00:00,82362.207,2134979251.6606903
2023-09-01 23:55:00+00:00,83680.407,2159649047.9781
2023-09-02 23:55:00+00:00,80668.981,2085011296.0521848
2023-09-03 23:55:00+00:00,80375.001,2087330738.4699
2023-09-04 23:55:00+00:00,81116.469,2094816292.9535592
2023-09-05 23:55:00+00:00,83762.576,2158862725.2548256
2023-09-06 23:55:00+00:00,83221.695,2143589334.9373517
2023-09-07 23:55:00+00:00,82491.876,2160717957.2556
2023-09-08 23:55:00+00:00,83475.175,2161998684.9825
2023-09-09 23:55:00+00:00,83494.081,2160840385.2913513
2023-09-10 23:55:00+00:00,81718.789,2110665569.8076
2023-09-11 23:55:00+00:00,89392.787,2246664219.2775
2023-09-12 23:55:00+00:00,87235.13,2254053778.7770405
2023-09-13 23:55:00+00:00,89879.932,2355877543.237964
2023-09-14 23:55:00+00:00,91673.36,2430810813.76
2023-09-15 23:55:00+00:00,86798.035,2310303297.595
2023-09-16 23:55:00+00:00,86537.603,2296716559.491265
2023-09-17 23:55:00+00:00,84798.877,2249375011.302
2023-09-18 23:55:00+00:00,89660.495,2396319642.1504593
2023-09-19 23:55:00+00:00,92707.277,2521888244.0479
2023-09-20 23:55:00+00:00,90339.583,2449639098.6697
2023-09-21 23:55:00+00:00,92473.664,2454774711.7735868
2023-09-22 23:55:00+00:00,92701.528,2462717485.5119963
2023-09-23 23:55:00+00:00,91361.441,2426995439.44948
2023-09-24 23:55:00+00:00,90344.694,2370617667.1518
2023-09-25 23:55:00+00:00,89731.367,2359574062.5667143
2023-09-26 23:55:00+00:00,91213.201,2390319783.5075665
2023-09-27 23:55:00+00:00,88284.915,2326588876.8608527
2023-09-28 23:55:00+00:00,93864.985,2534539494.7801933
2023-09-29 23:55:00+00:00,88478.469,2379741733.236504
2023-09-30 23:55:00+00:00,90165.992,2430341674.586468
2023-10-01 23:55:00+00:00,87461.208,2445878299.5241385
2023-10-02 23:55:00+00:00,87971.606,2427441811.502668
2023-10-03 23:55:00+00:00,87742.971,2405219095.3491
2023-10-04 23:55:00+00:00,90048.713,2500085453.1181
2023-10-05 23:55:00+00:00,91584.18,2509883594.4964166
2023-10-06 23:55:00+00:00,94048.419,2625658912.738848
2023-10-07 23:55:00+00:00,90902.056,2540241363.444014
2023-10-08 23:55:00+00:00,92112.403,2571626940.9679294
2023-10-09 23:55:00+00:00,90835.067,2504695220.9647
2023-10-10 23:55:00+00:00,92970.338,2545379101.8992
2023-10-11 23:55:00+00:00,98105.467,2632964333.8927
2023-10-12 23:55:00+00:00,97022.748,2593379244.9408
2023-10-13 23:55:00+00:00,97361.792,2612314241.152
2023-10-14 23:55:00+00:00,98460.572,2643302054.0836
2023-10-15 23:55:00+00:00,97510.743,2644884691.888257
2023-10-16 23:55:00+00:00,89059.462,2537051164.113608
2023-10-17 23:55:00+00:00,91218.555,2589800364.767958
2023-10-18 23:55:00+00:00,86451.802,2447424579.0794
2023-10-19 23:55:00+00:00,93974.693,2695094265.3152595
2023-10-20 23:55:00+00:00,90417.191,2681321799.105
2023-10-21 23:55:00+00:00,96370.893,2879716476.2688
2023-10-22 23:55:00+00:00,93112.919,2789141620.8936
2023-10-23 23:55:00+00:00,88835.835,2926874255.745
2023-10-24 23:55:00+00:00,84664.998,2866265775.2916
2023-10-25 23:55:00+00:00,83862.745,2890066948.144581
2023-10-26 23:55:00+00:00,84702.24,2892496793.76
2023-10-27 23:55:00+00:00,84515.021,2865832765.504072
2023-10-28 23:55:00+00:00,84705.534,2887906926.621122
2023-10-29 23:55:00+00:00,88104.187,3043127429.3987
2023-10-30 23:55:00+00:00,86810.488,2994526417.8053164
2023-10-31 23:55:00+00:00,88208.218,3057869724.1847687
2023-11-01 23:55:00+00:00,86821.796,3077077318.5748
2023-11-02 23:55:00+00:00,81451.312,2843807013.338593
2023-11-03 23:55:00+00:00,81453.366,2827506984.6312
2023-11-04 23:55:00+00:00,83491.371,2924312895.2855673
2023-11-05 23:55:00+00:00,86026.657,3014606333.2539
2023-11-06 23:55:00+00:00,86230.137,3021047409.8686914
2023-11-07 23:55:00+00:00,88607.899,3140008772.2428555
2023-11-08 23:55:00+00:00,89927.294,3209487137.4012
2023-11-09 23:55:00+00:00,79713.194,2932614226.5548887
2023-11-10 23:55:00+00:00,79882.175,2982960178.85
2023-11-11 23:55:00+00:00,80234.305,2979116926.905045
2023-11-12 23:55:00+00:00,80872.319,2997093926.172208
2023-11-13 23:55:00+00:00,80495.832,2942058262.9344
2023-11-14 23:55:00+00:00,78697.731,2798053307.1698112
2023-11-15 23:55:00+00:00,82662.569,3132283129.5756
2023-11-16 23:55:00+00:00,81109.884,2939091947.23319
2023-11-17 23:55:00+00:00,77714.936,2838759605.4864907
2023-11-18 23:55:00+00:00,79440.006,2904660267.3852
2023-11-19 23:55:00+00:00,80902.714,3025802984.173012
2023-11-20 23:55:00+00:00,83455.578,3127706424.495
2023-11-21 23:55:00+00:00,80072.127,2877928366.9959
2023-11-22 23:55:00+00:00,80861.483,3028553639.6888
2023-11-23 23:55:00+00:00,81959.406,3055504027.2642
2023-11-24 23:55:00+00:00,80050.172,3018523880.7588
2023-11-25 23:55:00+00:00,79584.332,3005951318.4952993
2023-11-26 23:55:00+00:00,79115.368,2964824681.1896
2023-11-27 23:55:00+00:00,79241.93,2952876966.01361
2023-11-28 23:55:00+00:00,81157.274,3065196448.6728992
2023-11-29 23:55:00+00:00,82716.306,3127065133.4382
2023-11-30 23:55:00+00:00,82621.119,3114807924.1881
2023-12-01 23:55:00+00:00,89069.148,3441284509.0428
2023-12-02 23:55:00+00:00,81761.429,3225176997.2446947
2023-12-03 23:55:00+00:00,79911.584,3191507494.4946804
2023-12-04 23:55:00+00:00,83182.751,3493829195.5846977
2023-12-05 23:55:00+00:00,82496.849,3637936458.551992
2023-12-06 23:55:00+00:00,85177.094,3725158830.8592978
2023-12-07 23:55:00+00:00,83437.109,3610350128.4968543
2023-12-08 23:55:00+00:00,82108.968,3631761763.608
2023-12-09 23:55:00+00:00,80769.313,3531161671.9783
2023-12-10 23:55:00+00:00,83109.411,3637723852.2933
2023-12-11 23:55:00+00:00,75580.11,3117408909.2474823
2023-12-12 23:55:00+00:00,77380.153,3214022126.3310533
2023-12-13 23:55:00+00:00,78552.458,3371125866.5448
2023-12-14 23:55:00+00:00,76295.699,3281668753.2375
2023-12-15 23:55:00+00:00,75847.357,3183882428.4675
2023-12-16 23:55:00+00:00,75358.782,3185219782.3068
2023-12-17 23:55:00+00:00,76370.764,3166709932.9288907
2023-12-18 23:55:00+00:00,75484.065,3220912601.9565
2023-12-19 23:55:00+00:00,76763.163,3248010629.1723
2023-12-20 23:55:00+00:00,79748.384,3483531904.969488
2023-12-21 23:55:00+00:00,80550.971,3534974106.8126736
2023-12-22 23:55:00+00:00,77326.645,3402074236.425928
2023-12-23 23:55:00+00:00,78634.71,3440095566.138
2023-12-24 23:55:00+00:00,77297.416,3326596828.4708743
2023-12-25 23:55:00+00:00,77526.217,3383693761.9386
2023-12-26 23:55:00+00:00,79601.675,3387277523.203887
2023-12-27 23:55:00+00:00,76026.503,3299542627.5497
2023-12-28 23:55:00+00:00,75581.372,3221399004.8352
2023-12-29 23:55:00+00:00,75664.074,3183285956.4762
2023-12-30 23:55:00+00:00,75540.575,3190821343.978378
2023-12-31 23:55:00+00:00,74018.381,3127313606.4405
2024-01-01 23:55:00+00:00,76481.546,3379635388.0394
2024-01-02 23:55:00+00:00,79762.793,3588017575.1948
2024-01-03 23:55:00+00:00,68595.132,2937699968.6806626
2024-01-04 23:55:00+00:00,71336.71,3151770297.3985543
2024-01-05 23:55:00+00:00,67284.894,2968016297.6007643
2024-01-06 23:55:00+00:00,68211.197,2996947614.7511
2024-01-07 23:55:00+00:00,70293.254,3081627013.315725
2024-01-08 23:55:00+00:00,74589.143,3499884388.1029906
2024-01-09 23:55:00+00:00,70798.31,3262393204.631
2024-01-10 23:55:00+00:00,68587.25,3193214779.2283382
2024-01-11 23:55:00+00:00,71411.395,3311245882.968099
2024-01-12 23:55:00+00:00,74772.996,3207679278.1044
2024-01-13 23:55:00+00:00,75170.331,3220182823.9593687
2024-01-14 23:55:00+00:00,76980.282,3213863295.8342824
2024-01-15 23:55:00+00:00,73937.044,3150339849.5448985
2024-01-16 23:55:00+00:00,74144.321,3198252358.4955
2024-01-17 23:55:00+00:00,75764.089,3240776555.97796
2024-01-18 23:55:00+00:00,77570.16,3203073588.816
2024-01-19 23:55:00+00:00,74484.43,3101495432.2229567
2024-01-20 23:55:00+00:00,74642.896,3110123154.7632
2024-01-21 23:55:00+00:00,74639.086,3102119627.0729804
2024-01-22 23:55:00+00:00,76117.557,3007998394.0146
2024-01-23 23:55:00+00:00,75828.266,3023793057.171018
2024-01-24 23:55:00+00:00,76253.491,3060517740.1251
2024-01-25 23:55:00+00:00,77945.585,3112873995.369272
2024-01-26 23:55:00+00:00,79505.583,3327372253.0164
2024-01-27 23:55:00+00:00,78226.289,3292842236.5944624
2024-01-28 23:55:00+00:00,75159.253,3157928753.6745
2024-01-29 23:55:00+00:00,77014.859,3330307338.8216
2024-01-30 23:55:00+00:00,73884.75,3169516991.6669607
2024-01-31 23:55:00+00:00,71942.751,3064545364.347
2024-02-01 23:55:00+00:00,73894.594,3181785280.4063864
2024-02-02 23:55:00+00:00,74289.041,3207243622.5725
2024-02-03 23:55:00+00:00,75701.57,3251499782.355388
2024-02-04 23:55:00+00:00,77296.717,3292450670.437881
2024-02-05 23:55:00+00:00,79782.275,3406854728.8225
2024-02-06 23:55:00+00:00,80370.363,3462604386.1653
2024-02-07 23:55:00+00:00,82827.913,3669964017.5779
2024-02-08 23:55:00+00:00,85149.581,3856403954.016412
2024-02-09 23:55:00+00:00,83214.855,3917631791.4598784
2024-02-10 23:55:00+00:00,86808.316,4144099755.8202167
2024-02-11 23:55:00+00:00,89416.506,4314956596.800924
2024-02-12 23:55:00+00:00,92352.839,4621385726.9992075
2024-02-13 23:55:00+00:00,88156.059,4385151367.556042
2024-02-14 23:55:00+00:00,90406.97,4680372720.231949
2024-02-15 23:55:00+00:00,87227.671,4527544219.1313925
2024-02-16 13:30:00+00:00,89491.944,4685642941.531745
2024-02-17 23:55:00+00:00,87533.511,4525753403.749363
2024-02-18 23:55:00+00:00,85504.804,4458374389.2072
2024-02-19 23:55:00+00:00,87604.11,4535378660.043
2024-02-20 23:55:00+00:00,87203.076,4561800763.059609
2024-02-21 23:55:00+00:00,86293.057,4476696198.195876
2024-02-22 23:55:00+00:00,84886.38,4360171931.424
2024-02-23 23:55:00+00:00,88089.125,4479663214.488168
2024-02-24 23:55:00+00:00,87024.156,4488671156.8176
2024-02-25 23:55:00+00:00,86416.011,4474292271.682553
2024-02-26 23:55:00+00:00,84906.706,4626965645.774215
2024-02-27 23:55:00+00:00,80667.673,4603333026.8142
2024-02-28 23:55:00+00:00,75184.662,4704356930.6034
2024-02-29 23:55:00+00:00,71841.907,4404560010.710081
2024-03-01 23:55:00+00:00,73919.975,4619758238.473041
2024-03-02 23:55:00+00:00,72912.818,4525131362.136755
2024-03-03 23:55:00+00:00,75540.753,4769318319.1821
2024-03-04 23:55:00+00:00,81105.699,5537913348.8598
2024-03-05 23:55:00+00:00,71725.607,4571608416.126955
2024-03-06 23:55:00+00:00,73260.209,4843864009.901637
2024-03-07 23:55:00+00:00,73480.603,4913640574.5497
2024-03-08 23:55:00+00:00,73990.354,5044291842.140835
2024-03-09 23:55:00+00:00,73645.213,5034394125.2013
2024-03-10 23:55:00+00:00,77404.994,5340944586.0
2024-03-11 23:55:00+00:00,79393.551,5728563062.372282
2024-03-12 23:55:00+00:00,78117.048,5585900127.9264
2024-03-13 23:55:00+00:00,80397.27,5878704756.455201
2024-03-14 23:55:00+00:00,83981.907,6000778051.831123
2024-03-15 23:55:00+00:00,79345.217,5515912006.656868
2024-03-16 23:55:00+00:00,76563.969,5003524281.7221
2024-03-17 23:55:00+00:00,78535.72,5375612962.56
2024-03-18 23:55:00+00:00,79113.281,5351864595.055416
2024-03-19 23:55:00+00:00,77962.651,4831657333.074
2024-03-20 23:55:00+00:00,76952.183,5222252166.2388
2024-03-21 23:55:00+00:00,75345.505,4938046448.5435
2024-03-22 23:55:00+00:00,73071.968,4663036381.821146
2024-03-23 23:55:00+00:00,73940.077,4733665911.5631
2024-03-24 23:55:00+00:00,77033.64,5181158418.943446
2024-03-25 23:55:00+00:00,78825.936,5511548858.088
2024-03-26 23:55:00+00:00,79655.738,5579073630.578137
2024-03-27 23:55:00+00:00,83137.811,5780796470.9197
2024-03-28 23:55:00+00:00,83098.968,5886197843.297176
2024-03-29 23:55:00+00:00,81097.306,5668572793.57216
2024-03-30 23:55:00+00:00,80226.288,5586667134.074837
2024-03-31 23:55:00+00:00,82700.764,5901774621.332
2024-04-01 23:55:00+00:00,84163.725,5866211632.5
2024-04-02 23:55:00+00:00,78042.079,5110906113.054349
2024-04-03 23:55:00+00:00,80098.881,5283962981.808
2024-04-05 00:00:00+00:00,78454.81,5373354245.938
2024-04-06 00:00:02+00:00,75172.17,5098412003.9472
2024-04-07 00:00:00+00:00,76496.262,5270382006.24284
2024-04-08 00:00:00+00:00,80048.156,5552620389.096
2024-04-08 23:55:00+00:00,80241.385,5751351290.988701
2024-04-10 00:00:00+00:00,80191.405,5548387177.9665
2024-04-11 00:00:00+00:00,79461.363,5615829043.865923
2024-04-12 00:00:00+00:00,81696.93,5722711140.415252
2024-04-13 00:00:00+00:00,80077.322,5377104087.2458
2024-04-14 00:00:00+00:00,66896.244,4276344489.037808
2024-04-15 00:00:02+00:00,67002.787,4397016459.690168
2024-04-16 00:00:00+00:00,65973.063,4182217188.1464
2024-04-17 00:00:00+00:00,64171.039,4092548375.8085313
2024-04-18 00:00:02+00:00,67046.957,4106927827.5565
2024-04-19 00:00:00+00:00,67633.638,4291016162.91
2024-04-20 00:00:00+00:00,65864.86,4201341584.278
2024-04-21 00:00:00+00:00,67260.726,4365567506.322526
2024-04-22 00:00:00+00:00,66883.888,4341607068.1888
2024-04-23 00:00:00+00:00,69060.579,4612440533.061333
2024-04-24 00:00:00+00:00,68074.222,4519188916.5364
2024-04-25 00:00:00+00:00,70077.781,4502870402.086444
2024-04-26 00:00:00+00:00,67299.511,4339384979.9157
2024-04-27 00:00:00+00:00,67293.423,4289868234.8001
2024-04-28 00:00:02+00:00,67161.879,4259851656.1062727
2024-04-29 00:00:00+00:00,65747.694,4147916818.1496
2024-04-30 00:00:00+00:00,66574.665,4249600673.7465
2024-05-01 00:00:00+00:00,72561.719,4401006124.6161
2024-05-01 23:55:00+00:00,68404.001,3988782717.939308
2024-05-02 23:55:00+00:00,67561.195,3988596756.976
2024-05-03 23:55:00+00:00,72115.025,4532696146.8425
2024-05-04 23:55:00+00:00,73775.775,4711630849.755
2024-05-05 23:55:00+00:00,72614.07,4646429111.16
2024-05-06 23:55:00+00:00,70800.911,4470567763.0908
2024-05-07 23:55:00+00:00,70977.329,4421596589.6511
2024-05-08 23:55:00+00:00,69698.073,4262706693.0310535
2024-05-09 23:55:00+00:00,69749.117,4397688801.7617
2024-05-10 23:55:00+00:00,71763.433,4361645107.2173
2024-05-11 21:10:00+00:00,70830.957,4312378333.8994255
2024-05-12 23:55:00+00:00,69740.49,4285950631.293
2024-05-13 23:55:00+00:00,71110.334,4474091550.4784
2024-05-14 23:55:00+00:00,67758.064,4170641640.0340314
2024-05-15 23:55:00+00:00,73614.701,4871614098.203484
2024-05-16 23:55:00+00:00,72377.85,4720324145.73
2024-05-17 23:55:00+00:00,74105.612,4963738682.055527
2024-05-18 23:55:00+00:00,75143.755,5026336633.226935
2024-05-19 23:55:00+00:00,75130.213,4976580230.9922
2024-05-20 23:55:00+00:00,70473.906,5036171033.619
2024-05-21 23:55:00+00:00,78452.073,5504327639.293695
2024-05-22 23:55:00+00:00,77768.522,5382884377.68496
2024-05-23 23:55:00+00:00,70841.347,4817445372.4451
2024-05-24 23:55:00+00:00,70215.723,4815103088.777321
2024-05-25 23:55:00+00:00,72347.36,5014419413.673919
2024-05-26 23:55:00+00:00,71075.227,4870380177.5161
2024-05-27 23:55:00+00:00,71580.708,4972110506.8128
2024-05-28 23:55:00+00:00,71880.384,4919326970.305639
2024-05-29 23:55:00+00:00,76232.589,5159932381.8663
2024-05-30 23:55:00+00:00,74250.547,5078538140.023653
2024-05-31 23:55:00+00:00,76516.484,5170290748.289956
2024-06-01 23:55:00+00:00,75471.872,5116940091.2896
2024-06-02 23:55:00+00:00,76090.207,5159372575.842
2024-06-03 23:55:00+00:00,78537.52,5407410350.776
2024-06-04 23:55:00+00:00,81171.017,5729050379.86
2024-06-05 23:55:00+00:00,82454.506,5865261111.6498
2024-06-06 23:55:00+00:00,81918.049,5802247218.8651
2024-06-07 23:55:00+00:00,82372.639,5714774813.1669
2024-06-08 23:55:00+00:00,83482.286,5789204346.099
2024-06-09 23:55:00+00:00,83577.764,5822612084.588
2024-06-10 23:55:00+00:00,85572.685,5952333281.378
2024-06-11 23:55:00+00:00,82672.343,5565232499.896793
2024-06-12 23:55:00+00:00,81189.437,5542733861.605481
2024-06-13 23:55:00+00:00,82145.939,5485894277.751423
2024-06-14 23:55:00+00:00,79378.435,5242135971.713
2024-06-15 23:55:00+00:00,80508.054,5330738592.062855
2024-06-16 23:55:00+00:00,80884.799,5391632282.896711
2024-06-17 23:55:00+00:00,79602.371,5291328805.112
2024-06-18 23:55:00+00:00,77688.615,5061413267.25
2024-06-19 23:55:00+00:00,75443.813,4899797084.020751
2024-06-20 23:55:00+00:00,74377.632,4823679507.9648
2024-06-21 23:55:00+00:00,76738.134,4920756104.616
2024-06-22 23:55:00+00:00,78036.856,5013284397.43553
2024-06-23 23:55:00+00:00,77593.986,4903544185.8714
2024-06-24 23:55:00+00:00,76111.899,4587530544.3765
2024-06-25 23:55:00+00:00,75584.461,4669622161.677213
2024-06-26 23:55:00+00:00,74876.9,4557136663.650675
2024-06-27 23:55:00+00:00,74906.653,4620399661.0113
2024-06-28 23:55:00+00:00,78522.055,4745103580.23647
2024-06-29 23:55:00+00:00,80535.814,4911275277.255
2024-06-30 23:55:00+00:00,85675.692,5377548313.4816
2024-07-01 23:55:00+00:00,81856.177,5148136485.1827755
2024-07-02 23:55:00+00:00,84473.518,5247790595.473
2024-07-03 23:55:00+00:00,88025.505,5299830802.4895
2024-07-04 23:55:00+00:00,88552.548,5051533909.162403
2024-07-05 23:55:00+00:00,83117.828,4705217125.252
2024-07-06 23:55:00+00:00,80177.383,4667614546.4663
2024-07-07 23:55:00+00:00,81293.278,4538953271.8354
2024-07-08 23:55:00+00:00,78848.787,4470642111.93498
2024-07-09 23:55:00+00:00,82178.811,4768513096.899871
2024-07-10 23:55:00+00:00,0.0,0.0
2024-07-11 23:55:00+00:00,85093.514,4876779182.910734
2024-07-12 23:55:00+00:00,0.0,0.0
2024-07-13 23:55:00+00:00,85453.399,5056709797.984607
2024-07-14 23:55:00+00:00,84969.235,5163249030.9335
2024-07-15 23:55:00+00:00,85234.987,5514588554.79319
2024-07-16 23:55:00+00:00,83191.065,5408023078.260801
2024-07-17 23:55:00+00:00,79387.044,5085319693.6212
2024-07-18 23:55:00+00:00,78588.674,5026531589.04
2024-07-19 23:55:00+00:00,84274.956,5615334248.994417
2024-07-20 23:55:00+00:00,82810.277,5556348316.465608
2024-07-21 23:55:00+00:00,80653.708,5495582355.704
2024-07-22 23:55:00+00:00,80887.132,5460430526.35053
2024-07-23 23:55:00+00:00,82275.688,5423588670.2536
2024-07-24 21:35:00+00:00,80734.163,5280345270.2683
2024-07-25 23:55:00+00:00,83327.2,5480758418.6408205
2024-07-26 23:55:00+00:00,84651.1,5746336760.86
2024-07-27 23:55:00+00:00,86084.842,5842012173.524803
2024-07-28 19:25:00+00:00,85585.613,5840321136.211388
2024-07-29 23:55:00+00:00,84865.254,5665370847.585568
2024-07-30 23:55:00+00:00,82994.073,5490838073.2362
2024-07-31 23:55:00+00:00,82570.404,5334196725.1272
2024-08-01 23:55:00+00:00,87192.052,5696160845.9028
2024-08-02 23:55:00+00:00,87796.487,5398052867.7619
2024-08-03 23:55:00+00:00,85283.126,5175372388.0596
2024-08-04 23:55:00+00:00,88098.464,5121964528.692452
2024-08-05 23:55:00+00:00,75212.503,4060141944.6017113
2024-08-06 23:55:00+00:00,76846.83,4304090775.546137
2024-08-07 23:55:00+00:00,76977.234,4241668827.3786
2024-08-08 23:45:00+00:00,75598.582,4668726508.8576
2024-08-09 23:55:00+00:00,71916.705,4373161339.3335
2024-08-10 23:55:00+00:00,71072.428,4327987229.992284
2024-08-11 23:55:00+00:00,70092.777,4113969379.0164
2024-08-12 23:55:00+00:00,68490.559,4063106525.8924
2024-08-13 23:55:00+00:00,72127.824,4367734979.369164
2024-08-14 23:55:00+00:00,78050.791,4577530595.6471
2024-08-15 23:55:00+00:00,83767.535,4817913569.947132
2024-08-16 23:55:00+00:00,82133.267,4833953429.285
2024-08-17 23:55:00+00:00,82618.622,4913197260.5448
2024-08-18 23:55:00+00:00,82695.127,4828576735.0427
2024-08-19 23:25:00+00:00,79541.102,4718569069.2848
2024-08-20 23:55:00+00:00,82720.661,4879501534.8697
2024-08-21 23:55:00+00:00,85607.454,5232327588.48
2024-08-22 23:55:00+00:00,83676.724,5049881925.7276
2024-08-23 23:55:00+00:00,86666.882,5548405118.9518
2024-08-24 23:55:00+00:00,87051.136,5581875784.257709
2024-08-25 23:55:00+00:00,87953.834,5646631310.329631
2024-08-26 23:55:00+00:00,84295.242,5294951304.223998
2024-08-27 23:55:00+00:00,81452.86,4837029219.384
2024-08-28 23:55:00+00:00,79140.046,4670038286.4508
2024-08-29 20:25:00+00:00,81990.666,4864905577.521082
2024-08-30 23:55:00+00:00,79855.24,4719149219.612
2024-08-31 23:55:00+00:00,80996.552,4774438953.5024
2024-09-01 23:55:00+00:00,82146.888,4705434422.060124
2024-09-02 23:55:00+00:00,82500.524,4876787474.7928
2024-09-03 23:55:00+00:00,83178.403,4779218287.851972
2024-09-04 23:55:00+00:00,81107.801,4699767196.6047
2024-09-05 19:35:00+00:00,84239.848,4728340548.316
2024-09-06 23:55:00+00:00,85488.795,4610472180.1874895
2024-09-07 23:55:00+00:00,83343.018,4511757610.8264
2024-09-08 23:55:00+00:00,84701.211,4645320795.94419
2024-09-09 23:55:00+00:00,87589.681,4993810645.782148
2024-09-10 22:15:00+00:00,86164.522,4963232777.587276
2024-09-11 23:55:00+00:00,85823.416,4918333994.7616
2024-09-12 23:55:00+00:00,85500.095,4967307569.2245
2024-09-13 23:55:00+00:00,89407.534,5405239757.0108
2024-09-14 23:55:00+00:00,87444.784,5243539027.776
2024-09-15 23:50:00+00:00,86325.114,5107617466.93928
2024-09-16 23:55:00+00:00,84525.958,4918303465.5502
2024-09-17 23:55:00+00:00,85409.353,5148561208.193
2024-09-18 23:55:00+00:00,83807.594,5173324667.756287
2024-09-19 23:55:00+00:00,87179.866,5486167941.4738
2024-09-20 23:55:00+00:00,86595.492,5471209696.401198
2024-09-21 23:55:00+00:00,86575.326,5482010245.0482
2024-09-22 23:55:00+00:00,85730.221,5448404162.1909
2024-09-23 23:55:00+00:00,88986.639,5633156798.223497
2024-09-24 23:55:00+00:00,91143.49,5855340342.419
2024-09-25 23:55:00+00:00,88401.77,5580020338.034357
2024-09-26 23:55:00+00:00,88244.101,5748604000.168506
2024-09-27 23:55:00+00:00,85849.737,5644577282.8815
2024-09-28 23:55:00+00:00,85266.241,5612738513.587925
2024-09-29 23:55:00+00:00,85611.604,5613692767.2837105
2024-09-30 23:55:00+00:00,86806.037,5496020020.468512
2024-10-01 23:55:00+00:00,84304.326,5124995236.357489
2024-10-02 23:55:00+00:00,82501.51,5001464290.277
2024-10-03 23:55:00+00:00,84456.344,5128788847.7224
2024-10-04 23:55:00+00:00,84723.375,5257213170.783713
2024-10-05 23:55:00+00:00,84276.544,5227737408.566316
2024-10-06 23:55:00+00:00,86185.674,5411756875.449695
2024-10-07 23:55:00+00:00,83246.471,5177926075.871495
2024-10-08 23:55:00+00:00,85922.831,5338646120.179449
2024-10-09 23:55:00+00:00,86901.553,5266788489.514593
2024-10-10 23:55:00+00:00,85843.982,5175860569.041169
2024-10-11 23:55:00+00:00,87533.767,5471648241.403
2024-10-12 23:55:00+00:00,89354.75,5645066750.525
2024-10-13 23:55:00+00:00,85774.197,5390145537.140232
2024-10-14 23:55:00+00:00,86445.082,5710977053.3136
2024-10-15 23:55:00+00:00,82779.101,5550265847.086823
2024-10-16 23:55:00+00:00,86461.085,5844251791.171208
2024-10-17 23:55:00+00:00,81685.646,5506125468.902937
2024-10-18 23:55:00+00:00,86390.062,5909080240.8
2024-10-19 23:55:00+00:00,86749.239,5929622782.9104
2024-10-20 23:55:00+00:00,86609.797,5977973177.10858
2024-10-21 23:55:00+00:00,86956.165,5858123793.0355
2024-10-22 23:55:00+00:00,86928.661,5860260909.8506
2024-10-23 23:55:00+00:00,84249.392,5615177033.035936
2024-10-24 23:55:00+00:00,85471.049,5827038700.06527
2024-10-25 23:55:00+00:00,80098.846,5340978489.924256
2024-10-26 23:55:00+00:00,80968.74,5430727232.406
2024-10-27 23:55:00+00:00,82206.349,5589801554.2228
2024-10-28 23:55:00+00:00,89115.037,6232705687.78
2024-10-29 23:55:00+00:00,90242.979,6564165236.451364
2024-10-30 23:55:00+00:00,89315.493,6462035630.341568
2024-10-31 23:55:00+00:00,89544.929,6296634723.994011
2024-11-01 23:55:00+00:00,84087.599,5843770944.323695
2024-11-02 23:55:00+00:00,85855.111,5955468557.1815
2024-11-03 23:55:00+00:00,82985.243,5706272771.7875
2024-11-04 23:55:00+00:00,84138.044,5707641246.970562
2024-11-05 23:55:00+00:00,82913.28,5750301290.496
2024-11-06 23:55:00+00:00,89441.85,6759597498.929376
2024-11-07 23:55:00+00:00,88615.412,6721881903.1404085
2024-11-08 23:55:00+00:00,89975.084,6881831540.692638
2024-11-09 23:55:00+00:00,87469.086,6706787770.899656
2024-11-10 23:55:00+00:00,85939.832,6910413297.1368
2024-11-11 23:55:00+00:00,84951.36,7537649221.44
2024-11-12 23:55:00+00:00,84314.918,7416746073.315639
2024-11-13 23:55:00+00:00,83030.477,7507044851.150192
2024-11-14 23:55:00+00:00,85959.147,7510788819.327514
2024-11-15 23:55:00+00:00,84836.027,7726407224.6142
2024-11-16 23:55:00+00:00,84696.56,7674838071.992
2024-11-17 23:55:00+00:00,84052.753,7555943419.232872
2024-11-18 23:55:00+00:00,84971.438,7690097664.729494
2024-11-19 23:55:00+00:00,85377.191,7881534551.388861
2024-11-20 23:55:00+00:00,89561.299,8443854909.701275
2024-11-21 23:55:00+00:00,89307.843,8784775885.806532
2024-11-22 23:55:00+00:00,90671.153,8969070556.628553
2024-11-23 23:55:00+00:00,90282.742,8822926103.321
2024-11-24 23:55:00+00:00,87507.222,8572251220.731
2024-11-25 23:55:00+00:00,90378.808,8411022425.5928
2024-11-26 23:55:00+00:00,87584.888,8059009608.9656
2024-11-27 23:55:00+00:00,86144.76,8261683736.516373
2024-11-28 23:55:00+00:00,85987.754,8228507339.80876
2024-11-29 23:55:00+00:00,88021.766,8583556939.7858
2024-11-30 23:55:00+00:00,86886.501,8381261873.961894
2024-12-01 23:55:00+00:00,86613.045,8424426483.229501
2024-12-02 23:55:00+00:00,86363.424,8281306750.095078
2024-12-03 23:55:00+00:00,87478.508,8390361129.2072
2024-12-04 23:55:00+00:00,92642.832,9142841816.068169
2024-12-05 23:55:00+00:00,92201.575,8943700297.52
2024-12-06 23:55:00+00:00,89431.161,8925453445.7025
2024-12-07 23:55:00+00:00,88605.133,8851573042.080301
2024-12-08 23:55:00+00:00,89375.095,9044218357.79101
2024-12-09 23:55:00+00:00,89931.062,8754707947.7442
2024-12-10 23:55:00+00:00,87743.112,8476186428.3576
2024-12-11 23:55:00+00:00,92933.371,9396205048.359901
2024-12-12 23:55:00+00:00,91669.09,9165286457.107
2024-12-13 23:55:00+00:00,92004.474,9326668337.8806
2024-12-14 23:55:00+00:00,92610.017,9389878148.214449
2024-12-15 23:55:00+00:00,98884.509,10328388080.541
2024-12-16 23:55:00+00:00,93136.479,9874636853.960701
2024-12-17 23:55:00+00:00,92379.01,9799945879.45902
2024-12-18 23:55:00+00:00,92500.772,9266967840.9672
2024-12-19 23:55:00+00:00,91568.358,8921908020.7152
2024-12-20 23:55:00+00:00,89107.0,8711492390.8
2024-12-21 23:55:00+00:00,87819.092,8541442962.2856
2024-12-22 23:55:00+00:00,86862.228,8265452522.780559
2024-12-23 23:55:00+00:00,90262.465,8562396718.611501
2024-12-24 23:55:00+00:00,91745.762,9049216838.490623
2024-12-25 23:55:00+00:00,91878.328,9130831485.3088
2024-12-26 23:55:00+00:00,89325.492,8553294203.140119
2024-12-27 23:55:00+00:00,89656.693,8451384092.664119
2024-12-28 23:55:00+00:00,90696.294,8639984798.815777
2024-12-29 23:55:00+00:00,89934.175,8426823204.0824995
2024-12-30 23:55:00+00:00,90901.515,8432059554.271127
2024-12-31 23:55:00+00:00,91237.347,8535222950.978868
2025-01-01 23:55:00+00:00,92290.283,8728907256.423
2025-01-02 23:55:00+00:00,91933.181,8914539921.9356
2025-01-03 23:55:00+00:00,90565.982,8888670756.1756
2025-01-04 23:55:00+00:00,87457.503,8585982933.5196
2025-01-05 23:55:00+00:00,90096.533,8860102064.873299
2025-01-06 23:55:00+00:00,93902.766,9595851507.582624
2025-01-07 23:55:00+00:00,92131.358,8929389643.6316
2025-01-08 23:55:00+00:00,90708.213,8620556565.474686
2025-01-09 23:55:00+00:00,87392.533,8084656141.723037
2025-01-10 23:55:00+00:00,88470.1,8376434085.256205
2025-01-11 23:55:00+00:00,87663.849,8289940206.263632
2025-01-12 23:55:00+00:00,87549.292,8273399339.0708
2025-01-13 23:55:00+00:00,83846.402,7922459113.026578
2025-01-14 23:55:00+00:00,84491.968,8154742291.52
2025-01-15 23:55:00+00:00,86632.015,8703217789.212185
2025-01-16 23:55:00+00:00,86229.624,8617451446.439133
2025-01-17 23:55:00+00:00,90556.742,9421758885.2092
2025-01-18 23:55:00+00:00,87814.441,9179704071.20981
2025-01-19 23:55:00+00:00,84146.129,8524684451.344899
2025-01-20 23:55:00+00:00,84057.982,8595910363.756588
2025-01-21 23:55:00+00:00,86596.492,9189143450.334
2025-01-22 23:55:00+00:00,83833.594,8690601138.6506
2025-01-23 23:55:00+00:00,80453.974,8356559123.069112
2025-01-24 23:55:00+00:00,82342.855,8630476876.312714
2025-01-25 23:55:00+00:00,81553.981,8538856763.263901
2025-01-26 23:55:00+00:00,81648.075,8376307867.885387
2025-01-27 23:55:00+00:00,84007.853,8571709327.37937
2025-01-28 23:55:00+00:00,80332.024,8137351151.200403
2025-01-29 23:55:00+00:00,81401.934,8441234032.3188
2025-01-30 23:55:00+00:00,82971.871,8685246540.667
2025-01-31 23:55:00+00:00,83384.842,8536923446.9916
2025-02-01 23:55:00+00:00,84243.118,8475160946.0248
2025-02-02 23:55:00+00:00,83568.38,8161813828.426677
2025-02-03 23:55:00+00:00,78322.06,7933531249.022
2025-02-04 23:55:00+00:00,74870.066,7315546661.8534
2025-02-05 23:55:00+00:00,76450.473,7382730437.0424
2025-02-06 23:55:00+00:00,75204.701,7258381717.015
2025-02-07 23:55:00+00:00,75993.54,7330034253.6800785
2025-02-08 23:55:00+00:00,76262.283,7352591602.3677
2025-02-09 23:55:00+00:00,74484.248,7182179801.709686
2025-02-10 23:55:00+00:00,75990.854,7400334069.980306
2025-02-11 23:55:00+00:00,79155.804,7577695935.0456
2025-02-12 23:55:00+00:00,78374.697,7667447857.014356
2025-02-13 23:55:00+00:00,78469.961,7577098669.140499
2025-02-14 23:55:00+00:00,76975.29,7501172900.374247
2025-02-15 23:55:00+00:00,76875.538,7498278537.8902
2025-02-16 23:55:00+00:00,76101.566,7311338253.015263
2025-02-17 23:55:00+00:00,76980.361,7370338401.259101
2025-02-18 23:55:00+00:00,81978.877,7838865299.835248
2025-02-19 23:55:00+00:00,77709.802,7507186635.647395
2025-02-20 23:55:00+00:00,82419.61,8097965699.369
2025-02-21 23:55:00+00:00,81285.283,7814067839.833657
2025-02-22 23:55:00+00:00,79662.012,7687654186.25644
2025-02-23 23:55:00+00:00,80419.492,7737826807.1036
2025-02-24 23:55:00+00:00,90351.827,8269421806.629002
2025-02-25 23:55:00+00:00,85153.312,7547912937.6992
2025-02-26 23:55:00+00:00,82318.438,6931361212.55378
2025-02-27 23:55:00+00:00,82513.11,6986018208.307911
2025-02-28 23:55:00+00:00,78947.448,6655319009.724274
2025-03-01 23:55:00+00:00,78477.403,6750510789.633775
2025-03-02 23:55:00+00:00,79049.404,7448688745.062843
2025-03-03 23:55:00+00:00,71171.525,6133576258.805
2025-03-04 23:55:00+00:00,67718.105,5908133788.83
2025-03-05 23:55:00+00:00,69816.069,6323060438.14288
2025-03-06 23:55:00+00:00,68745.855,6179420539.6545
2025-03-07 23:55:00+00:00,69111.742,5995706243.1196
2025-03-08 23:55:00+00:00,68425.001,5897195026.1848
2025-03-09 23:55:00+00:00,70149.234,5660257512.3792
2025-03-10 23:55:00+00:00,69692.488,5476435707.04
2025-03-11 23:55:00+00:00,69968.586,5800115905.056
2025-03-12 23:55:00+00:00,68962.566,5768070397.7796
2025-03-13 23:55:00+00:00,72030.145,5840593119.383
2025-03-14 23:55:00+00:00,72975.574,6125212101.2474
2025-03-15 23:55:00+00:00,70622.154,5953659448.662
2025-03-16 23:55:00+00:00,68524.906,5656155381.0896
2025-03-17 23:55:00+00:00,71103.846,5970358010.05368
2025-03-18 23:55:00+00:00,70453.053,5824387489.266185
2025-03-19 23:55:00+00:00,76225.349,6616512743.898
2025-03-20 23:55:00+00:00,70731.836,5954460589.0896
2025-03-21 23:55:00+00:00,70736.454,5945420179.6362
2025-03-22 23:55:00+00:00,70129.169,5877167995.1281
2025-03-23 23:55:00+00:00,72903.525,6273557041.481979
2025-03-24 23:55:00+00:00,77221.553,6754051856.5049
2025-03-25 23:55:00+00:00,75025.197,6554936456.8506
2025-03-26 23:55:00+00:00,70461.688,6120901144.028
2025-03-27 23:55:00+00:00,70732.302,6167227216.9122
2025-03-28 23:55:00+00:00,73855.534,6231989043.3472
2025-03-29 23:55:00+00:00,71042.954,5868724516.966169
2025-03-30 23:55:00+00:00,69934.069,5758504116.1911
2025-03-31 23:55:00+00:00,68841.849,5680669442.526954
2025-04-01 23:55:00+00:00,71538.523,6089430616.283
2025-04-02 23:55:00+00:00,69853.242,5761844666.37
2025-04-03 23:55:00+00:00,71579.881,5952568587.9838
2025-04-04 23:55:00+00:00,72830.083,6107632722.4962
2025-04-05 23:55:00+00:00,70789.853,5911088381.406332
2025-04-06 23:55:00+00:00,73134.17,5732993289.644114
2025-04-07 23:55:00+00:00,70877.567,5609257740.1367
2025-04-08 23:55:00+00:00,73341.1,5595779247.8
2025-04-09 23:55:00+00:00,74632.4,6163733187.96
2025-04-10 23:55:00+00:00,73550.604,5852870989.338574
2025-04-11 23:55:00+00:00,78186.868,6519666718.9876
2025-04-12 23:55:00+00:00,80937.752,6899135306.060696
2025-04-13 23:55:00+00:00,77524.942,6489982238.000532
2025-04-14 23:55:00+00:00,75818.0,6410700008.4
2025-04-15 23:55:00+00:00,77459.184,6476253931.3824
2025-04-16 23:55:00+00:00,76363.667,6414103866.367261
2025-04-17 23:55:00+00:00,78013.242,6624581025.259425
2025-04-18 23:55:00+00:00,76433.622,6453269179.8778925
2025-04-19 23:55:00+00:00,79184.598,6734412506.106
2025-04-20 23:55:00+00:00,77416.471,6591407601.444688
2025-04-21 23:55:00+00:00,82121.374,7182978876.16844
2025-04-22 23:55:00+00:00,84569.012,7899160108.9588
2025-04-23 23:55:00+00:00,81651.72,7645970802.554283
2025-04-24 23:55:00+00:00,82880.683,7785115163.2828
2025-04-25 23:55:00+00:00,86023.562,8137123571.9916
2025-04-26 23:55:00+00:00,83908.875,7935732198.45
2025-04-27 23:55:00+00:00,84165.372,7886042860.284
2025-04-28 23:55:00+00:00,81930.526,7780860123.694
2025-04-29 23:55:00+00:00,81975.447,7723122154.93655
2025-04-30 23:55:00+00:00,80085.011,7538483829.593407
2025-05-01 23:55:00+00:00,86024.787,8295776517.322894
2025-05-02 23:55:00+00:00,86234.604,8350239727.64076
2025-05-03 23:55:00+00:00,83719.958,8022046642.826756
2025-05-04 23:55:00+00:00,81781.683,7707149039.984184
2025-05-05 23:55:00+00:00,80389.447,7612623384.6696
2025-05-06 23:55:00+00:00,82532.419,7988675977.6536
2025-05-07 23:55:00+00:00,81443.133,7899223105.87445
2025-05-08 23:55:00+00:00,79514.574,8209223649.263992
2025-05-09 23:55:00+00:00,78466.358,8077468131.9644
2025-05-10 23:55:00+00:00,79950.718,8377955788.502
2025-05-11 23:55:00+00:00,81331.618,8464401080.6286
2025-05-12 23:55:00+00:00,81619.983,8385635997.978941
2025-05-13 23:55:00+00:00,82270.93,8562944751.768545
2025-05-14 23:55:00+00:00,80227.713,8300214777.0966
2025-05-15 23:55:00+00:00,79526.047,8249316381.357
2025-05-16 23:55:00+00:00,80264.766,8301053492.611923
2025-05-17 23:55:00+00:00,78568.756,8099126645.3748
2025-05-18 23:55:00+00:00,80978.929,8617426094.356068
2025-05-19 23:55:00+00:00,82341.786,8690457550.997253
2025-05-20 23:55:00+00:00,83827.018,8952423745.1352
2025-05-21 23:55:00+00:00,86980.918,9534103033.489956
2025-05-22 23:55:00+00:00,88030.201,9829760874.49534
2025-05-23 23:55:00+00:00,84035.595,9014803055.702242
2025-05-24 23:55:00+00:00,86276.107,9291841820.1823
2025-05-25 23:55:00+00:00,87959.179,9583671511.206099
2025-05-26 23:55:00+00:00,90182.612,9866399705.151667
2025-05-27 23:55:00+00:00,86811.242,9452815373.5106
2025-05-28 23:55:00+00:00,87222.658,9395886387.734
2025-05-29 23:55:00+00:00,85633.755,9037786502.7
2025-05-30 23:55:00+00:00,82415.954,8567138418.3
2025-05-31 23:55:00+00:00,83551.629,8734879988.316301
2025-06-01 23:55:00+00:00,82804.416,8743286238.031088
2025-06-02 23:55:00+00:00,82000.887,8676341651.6073
2025-06-03 23:55:00+00:00,82486.529,8688314348.222898
2025-06-04 23:55:00+00:00,80790.898,8454447353.182428
2025-06-05 23:55:00+00:00,82247.529,8344727370.5523
2025-06-06 23:55:00+00:00,84607.043,8819446623.024302
2025-06-07 23:55:00+00:00,83206.626,8779100499.17065
2025-06-08 23:55:00+00:00,82511.392,8719744539.01525
2025-06-09 23:55:00+00:00,86408.093,9524582634.394701
2025-06-10 23:55:00+00:00,84493.376,9314152651.3728
2025-06-11 23:55:00+00:00,82285.949,8937139383.929245
2025-06-12 23:55:00+00:00,79455.085,8392170589.000256
2025-06-13 23:55:00+00:00,78497.08,8323192639.838973
2025-06-14 23:55:00+00:00,78209.462,8240133274.4276
2025-06-15 23:55:00+00:00,78624.389,8298510858.909815
2025-06-16 23:55:00+00:00,77946.862,8320835313.1862
2025-06-17 23:55:00+00:00,76552.482,8000346788.856
2025-06-18 23:55:00+00:00,76490.255,8018969053.028515
2025-06-19 23:55:00+00:00,77793.71,8138177943.936557
2025-06-20 23:55:00+00:00,77505.706,8002115368.823
2025-06-21 23:55:00+00:00,75459.019,7702841567.7162
2025-06-22 23:55:00+00:00,78683.302,7940490209.536607
2025-06-23 23:55:00+00:00,72609.466,7645337021.355309
2025-06-24 23:55:00+00:00,75448.899,8000224005.465
2025-06-25 23:55:00+00:00,76626.179,8220723524.243503
2025-06-26 23:55:00+00:00,77712.998,8307817984.640861
2025-06-27 23:55:00+00:00,75329.475,8060020303.627501
2025-06-28 23:55:00+00:00,75523.864,8099251412.991869
2025-06-29 23:55:00+00:00,77916.541,8439165474.6057005
2025-06-30 23:55:00+00:00,76425.99,8185783816.793518
2025-07-01 23:55:00+00:00,74368.387,7856127665.906
2025-07-02 23:55:00+00:00,81361.331,8852104676.666899
2025-07-03 23:55:00+00:00,82935.493,9085176874.2343
2025-07-04 23:55:00+00:00,79507.862,8581704937.3286
2025-07-05 23:55:00+00:00,79294.583,8575978753.0322
2025-07-06 23:55:00+00:00,77925.439,8505234380.0062
2025-07-07 23:55:00+00:00,78235.738,8465800427.574615
2025-07-08 23:55:00+00:00,78100.428,8503043517.7296
2025-07-09 23:55:00+00:00,85656.295,9524971438.370499
2025-07-10 23:55:00+00:00,85104.813,9870379617.4083
2025-07-11 23:55:00+00:00,87802.017,10316848232.475773
2025-07-12 23:55:00+00:00,88029.021,10333673957.7774
2025-07-13 23:55:00+00:00,89419.39,10644568665.86439
2025-07-14 23:55:00+00:00,93070.334,11151549767.16958
2025-07-15 23:55:00+00:00,89719.159,10563399201.9215
2025-07-16 23:55:00+00:00,89544.46,10619801515.020391
2025-07-17 23:55:00+00:00,89608.477,10679233620.0382
2025-07-18 23:55:00+00:00,89349.022,10534042570.465431
2025-07-19 23:55:00+00:00,87692.615,10331444051.3945
2025-07-20 23:55:00+00:00,89276.476,10465890557.82366
2025-07-21 23:55:00+00:00,90303.941,10595459874.304562
2025-07-22 23:55:00+00:00,90080.732,10809120331.3884
2025-07-23 23:55:00+00:00,87174.598,10348801639.673
2025-07-24 23:55:00+00:00,89595.196,10597615447.0268
2025-07-25 23:55:00+00:00,91507.402,10760223516.221054
2025-07-26 23:55:00+00:00,89294.413,10526855842.4809
2025-07-27 23:55:00+00:00,90391.576,10794511818.945095
2025-07-28 23:55:00+00:00,91809.746,10837393360.979504
2025-07-29 23:55:00+00:00,90965.943,10725260093.50966
2025-07-30 23:55:00+00:00,91480.686,10773947547.631638
2025-07-31 23:55:00+00:00,90242.852,10441293601.323362
2025-08-01 23:55:00+00:00,89004.236,10079258004.5492
2025-08-02 23:55:00+00:00,85730.243,9645489573.77301
2025-08-03 23:55:00+00:00,85207.636,9726528336.2724
2025-08-04 23:55:00+00:00,84829.515,9755572366.9815
2025-08-05 23:55:00+00:00,83848.531,9565232667.16235
2025-08-06 23:55:00+00:00,83762.857,9628139769.534996
2025-08-07 23:55:00+00:00,82983.91,9743962413.809
2025-08-08 23:55:00+00:00,82228.761,9590192383.6602
2025-08-09 23:55:00+00:00,84005.291,9780063988.802
2025-08-10 23:55:00+00:00,86956.39,10370019072.006
2025-08-11 23:55:00+00:00,89725.76,10645255106.39375
2025-08-12 23:55:00+00:00,88969.703,10683570905.943
2025-08-13 23:55:00+00:00,93245.38,11499383918.582
2025-08-14 23:55:00+00:00,91925.697,10869764688.159822
2025-08-15 23:55:00+00:00,89022.785,10440774775.66448
2025-08-16 23:55:00+00:00,90567.59,10626621094.622614
2025-08-17 23:55:00+00:00,89560.072,10510666575.94478
2025-08-18 23:55:00+00:00,87486.342,10164478164.3912
2025-08-19 23:55:00+00:00,87863.05,9913496421.178354
2025-08-20 23:55:00+00:00,85994.263,9822337739.89422
2025-08-21 23:55:00+00:00,89657.848,10083056072.852
2025-08-22 23:55:00+00:00,88577.47,10354493657.072
2025-08-23 23:55:00+00:00,91748.224,10585644015.2704
2025-08-24 23:55:00+00:00,93742.251,10634702155.3962
2025-08-25 23:55:00+00:00,90123.22,9919374502.201677
2025-08-26 23:55:00+00:00,89251.985,9970330319.1515
2025-08-27 23:55:00+00:00,88137.738,9801568720.307554
2025-08-28 23:55:00+00:00,88004.436,9901380762.936428
2025-08-29 23:55:00+00:00,89145.425,9657337839.27
2025-08-30 23:55:00+00:00,89550.131,9739306586.306452
2025-08-31 23:55:00+00:00,89832.067,9720584238.7628
2025-09-01 23:55:00+00:00,88447.967,9657908124.594114
2025-09-02 23:55:00+00:00,89269.39,9925816193.34423
2025-09-03 23:55:00+00:00,90305.298,10083869835.566502
2025-09-04 23:55:00+00:00,88078.6,9749517120.46
2025-09-05 23:55:00+00:00,87253.364,9651513408.1872
2025-09-06 23:55:00+00:00,86989.727,9580639680.0631
2025-09-07 23:55:00+00:00,88888.088,9873777703.128
2025-09-08 23:55:00+00:00,91251.688,10221566921.77392
2025-09-09 23:55:00+00:00,92140.779,10273687644.4221
2025-09-10 23:55:00+00:00,93802.932,10684144188.079056
2025-09-11 23:55:00+00:00,92643.921,10693609869.267
2025-09-12 23:55:00+00:00,91691.068,10634183360.9312
2025-09-13 23:55:00+00:00,89215.409,10336997617.421158
2025-09-14 23:55:00+00:00,87747.168,10110916340.359228
2025-09-15 23:55:00+00:00,88351.4,10186960595.7
2025-09-16 23:55:00+00:00,90738.318,10593453633.0414
2025-09-17 23:55:00+00:00,87443.421,10178632812.9525
2025-09-18 23:55:00+00:00,91079.361,10657880703.866705
2025-09-19 23:55:00+00:00,90128.548,10416134961.284142
2025-09-20 23:55:00+00:00,89156.294,10308696493.75
2025-09-21 23:55:00+00:00,88679.926,10215838795.274
2025-09-22 23:55:00+00:00,87113.659,9809407437.5973
2025-09-23 23:55:00+00:00,88246.161,9878901810.083101
2025-09-24 23:55:00+00:00,89149.182,10096566579.767347
2025-09-25 23:55:00+00:00,84823.244,9241291596.330105
2025-09-26 23:55:00+00:00,84921.811,9306474678.309475
2025-09-27 23:55:00+00:00,84552.977,9265089596.780594
2025-09-28 23:55:00+00:00,86092.045,9652614257.786499
2025-09-29 23:55:00+00:00,88866.579,10154035503.568373
2025-09-30 23:55:00+00:00,88526.435,10091013241.2845
2025-10-01 23:55:00+00:00,91466.092,10843634484.5312
2025-10-02 23:55:00+00:00,93675.414,11286126289.2168
2025-10-03 23:55:00+00:00,95866.174,11712862032.9982
2025-10-04 23:55:00+00:00,96414.139,11795614290.5048
2025-10-05 23:55:00+00:00,99288.679,12254873996.3293
2025-10-06 23:55:00+00:00,100137.425,12478899605.25543
2025-10-07 23:55:00+00:00,93160.662,11299130631.663
2025-10-08 23:55:00+00:00,92251.696,11368910594.962025
2025-10-09 23:55:00+00:00,96730.266,11760735714.887691
2025-10-10 23:55:00+00:00,72613.782,8185170734.604
2025-10-11 23:55:00+00:00,74333.79,8219771031.168
2025-10-12 23:55:00+00:00,75918.435,8722603038.264
2025-10-13 23:55:00+00:00,76672.957,8825969758.8883
2025-10-14 23:55:00+00:00,79284.835,8958369721.199501
2025-10-15 23:55:00+00:00,78149.26,8651211854.462465
2025-10-16 23:55:00+00:00,79755.553,8624248777.906744
2025-10-17 23:55:00+00:00,79035.643,8407701052.4398
2025-10-18 23:55:00+00:00,82232.174,8808504898.445
2025-10-19 23:55:00+00:00,80787.727,8772795826.3389
2025-10-20 23:55:00+00:00,83840.809,9261885786.149101
2025-10-21 23:55:00+00:00,82918.324,8976485255.523094
2025-10-22 23:55:00+00:00,75968.756,8169079867.0676
2025-10-23 23:55:00+00:00,76584.254,8426728856.241555
2025-10-24 23:55:00+00:00,77769.86,8629763622.844
2025-10-25 23:55:00+00:00,79307.006,8850132895.318249
2025-10-26 23:55:00+00:00,81741.863,9359874067.055437
2025-10-27 23:55:00+00:00,78019.129,8899181732.1689
2025-10-28 23:55:00+00:00,75821.636,8555778136.48919
2025-10-29 23:55:00+00:00,78319.052,8613995970.682442
2025-10-30 23:55:00+00:00,77900.512,8433782080.912
2025-10-31 23:55:00+00:00,78358.996,8584792196.5712
2025-11-01 23:55:00+00:00,76681.148,8438899744.283002
2025-11-02 23:55:00+00:00,76022.226,8400309017.078973
2025-11-04 00:00:00+00:00,77417.846,8248399242.4394
2025-11-05 00:00:00+00:00,81004.805,8216908706.2265
2025-11-06 00:00:00+00:00,83888.484,8711448334.657742
2025-11-07 00:00:00+00:00,82292.511,8336692202.3616
2025-11-08 00:00:00+00:00,86828.889,8969884426.811699
2025-11-09 00:00:00+00:00,84277.906,8619042452.0858
2025-11-10 00:00:00+00:00,85498.204,8949148311.6024
2025-11-11 00:00:00+00:00,86847.449,9202894150.2238
2025-11-12 00:00:00+00:00,85642.465,8821820136.904993
2025-11-13 00:00:00+00:00,85988.091,8736888776.5278
2025-11-14 00:00:00+00:00,91608.828,9130386257.669498
2025-11-15 00:00:00+00:00,93386.8,8829245667.32
2025-11-16 00:00:00+00:00,96867.482,9256685640.1646
2025-11-17 00:00:00+00:00,98685.164,9299540400.680899
2025-11-18 00:00:00+00:00,101318.671,9338177158.8544
2025-11-19 00:00:00+00:00,99954.956,9287504651.1564
2025-11-20 00:00:00+00:00,100821.312,9227186355.764154
2025-11-21 00:00:00+00:00,105044.067,9097192182.318638
2025-11-22 00:00:00+00:00,98408.861,8373797978.356544
2025-11-23 00:00:00+00:00,98862.435,8372771128.3796015
2025-11-24 00:00:00+00:00,96647.285,8389728522.0945
2025-11-25 00:00:00+00:00,93201.296,8224813410.722477
2025-11-26 00:00:00+00:00,90029.092,7861700429.808
2025-11-27 00:00:00+00:00,88994.913,8048699931.72
2025-11-28 00:00:00+00:00,90207.005,8235254701.266157
2025-11-29 00:00:00+00:00,89275.718,8110502573.7204
2025-11-30 00:00:00+00:00,88486.551,8031472952.8599
2025-12-01 00:00:00+00:00,90584.642,8182255546.73844
2025-12-02 00:00:00+00:00,88384.984,7624302890.105774
2025-12-03 00:00:00+00:00,88900.526,8111364002.7134
2025-12-04 00:00:00+00:00,88324.724,8247814177.551556
2025-12-05 00:00:00+00:00,89253.082,8214704928.959209
2025-12-06 00:00:00+00:00,86708.825,7742134475.442725
2025-12-07 00:00:00+00:00,87642.593,7815905093.924899
2025-12-08 00:00:00+00:00,87157.665,7874440013.211825
2025-12-09 00:00:00+00:00,87041.247,7885980498.823501
2025-12-10 00:00:00+00:00,88590.633,8206894496.1072
2025-12-11 00:00:00+00:00,85474.085,7861895590.862913
2025-12-12 00:00:00+00:00,87102.954,8055272475.6246
2025-12-13 00:00:00+00:00,87505.083,7895557387.565101
2025-12-14 00:00:00+00:00,87754.693,7915210044.521
2025-12-15 00:00:00+00:00,88545.915,7801176369.899045
2025-12-16 00:00:00+00:00,91474.23,7902458729.7
2025-12-17 00:00:00+00:00,88599.498,7781357231.2476
2025-12-18 00:00:00+00:00,88166.412,7600530833.845757
2025-12-19 00:00:00+00:00,89787.591,7674479220.671382
2025-12-20 00:00:00+00:00,91993.869,8104669058.2869
2025-12-21 00:00:00+00:00,91226.887,8057222518.660899
2025-12-22 00:00:00+00:00,89864.56,7963914131.128
2025-12-23 00:00:00+00:00,91128.1,8070359212.86
2025-12-24 00:00:00+00:00,95128.237,8319493461.99265
2025-12-25 00:00:00+00:00,92607.063,8114906891.619901
2025-12-26 00:00:00+00:00,93185.622,8125075510.985412
2025-12-27 00:00:00+00:00,92492.55,8077380422.791199
2025-12-28 00:00:00+00:00,91504.247,8038382736.633699
2025-12-29 00:00:00+00:00,93051.193,8181851823.7005
2025-12-30 00:00:00+00:00,94901.793,8276735511.821603
2025-12-31 00:00:00+00:00,94709.619,8377567761.530701
2026-01-01 00:00:00+00:00,94202.585,8252928327.455501
2026-01-02 00:00:00+00:00,93941.026,8341953714.6974
2026-01-03 00:00:00+00:00,96737.194,8701694257.965876
2026-01-04 00:00:00+00:00,97122.498,8798900116.5582
2026-01-05 00:00:00+00:00,97713.13,8942188043.535683
2026-01-06 00:00:00+00:00,96545.14,9058087088.622
2026-01-07 00:00:00+00:00,92969.523,8711997358.236301
2026-01-08 00:00:00+00:00,95925.519,8760695391.783901
2026-01-09 00:00:00+00:00,97476.175,8876209738.352499
2026-01-10 00:00:00+00:00,95976.245,8695835426.657787
2026-01-11 00:00:00+00:00,95965.916,8682003291.41695
2026-01-12 00:00:00+00:00,96509.081,8780068058.5046
2026-01-13 00:00:00+00:00,93404.238,8523532297.307826
2026-01-14 00:00:00+00:00,95153.44,9075278370.688
2026-01-15 00:00:00+00:00,96369.758,9338990871.2882
2026-01-16 00:00:00+00:00,96594.673,9231301752.4602
2026-01-17 00:00:00+00:00,95255.878,9097298321.3364
2026-01-18 00:00:00+00:00,95958.871,9126515783.973526
2026-01-19 00:00:00+00:00,95771.145,8965491236.686499
2026-01-20 00:00:00+00:00,94014.515,8704859825.941395
2026-01-21 00:00:00+00:00,98893.899,8741300958.339298
2026-01-22 00:00:00+00:00,99076.79,8859633939.702126
2026-01-23 00:00:00+00:00,99638.458,8919604868.6226
2026-01-24 00:00:00+00:00,98288.621,8802610950.4148
2026-01-25 00:00:00+00:00,99585.461,8881140017.141184
2026-01-26 00:00:00+00:00,102177.978,8852035857.063
2026-01-27 00:00:00+00:00,100909.729,8910467454.500072
2026-01-28 00:00:00+00:00,101896.127,9089531741.654243
2026-01-29 00:00:00+00:00,101533.93,9063507488.594
2026-01-30 00:00:00+00:00,106511.187,9013074911.315569
2026-01-31 00:00:00+00:00,102164.487,8603676558.371912
2026-02-01 00:00:00+00:00,93551.298,7362636457.759555
2026-02-02 00:00:00+00:00,89521.216,6887010380.8256
2026-02-03 00:00:00+00:00,88898.293,6996173691.841242
2026-02-04 00:00:00+00:00,88991.519,6739541313.5156
2026-02-05 00:00:00+00:00,93814.806,6862449862.6134
2026-02-06 00:00:00+00:00,92719.687,5831224563.1483
2026-02-07 00:00:00+00:00,85124.108,6004867388.59
2026-02-08 00:00:00+00:00,81369.395,5636836736.905389
2026-02-09 00:00:00+00:00,80494.101,5660635723.444036
2026-02-10 00:00:00+00:00,78783.924,5523580303.602
2026-02-11 00:00:00+00:00,79253.897,5453080233.8644
2026-02-12 00:00:00+00:00,80997.519,5432681793.8718
2026-02-13 00:00:00+00:00,79782.231,5285030284.5792
2026-02-14 00:00:00+00:00,79203.463,5453426457.234442
2026-02-15 00:00:00+00:00,77778.239,5428547746.6528
2026-02-16 00:00:00+00:00,77130.018,5305413472.757684
2026-02-17 00:00:00+00:00,75734.731,5215287408.1794405
2026-02-18 00:00:00+00:00,79067.561,5335154839.2799
2026-02-19 00:00:00+00:00,80180.36,5327423387.564344
2026-02-20 00:00:00+00:00,80783.175,5410372362.45
2026-02-21 00:00:00+00:00,80199.657,5452680747.034957
2026-02-22 00:00:00+00:00,80844.246,5494674778.297016
2026-02-23 00:00:00+00:00,78625.705,5316159105.0175
2026-02-24 00:00:00+00:00,79623.121,5146082716.079162
2026-02-25 00:00:00+00:00,79798.787,5109292895.0064
2026-02-26 00:00:00+00:00,80112.54,5443964929.053371
2026-02-27 00:00:00+00:00,79068.239,5333010397.7198
2026-02-28 00:00:00+00:00,79180.596,5213380080.169036
2026-03-01 00:00:00+00:00,77361.251,5179889735.565613
2026-03-02 00:00:00+00:00,77832.776,5116796743.7384
2026-03-03 00:00:00+00:00,82214.751,5656522855.3518
2026-03-04 00:00:00+00:00,79135.725,5404964066.263988
2026-03-05 00:00:00+00:00,91427.871,6643426773.967079
2026-03-06 00:00:00+00:00,83431.399,5911950970.558959
2026-03-07 00:00:00+00:00,83334.539,5674898107.464616
2026-03-08 00:00:00+00:00,83750.58,5630727369.618
2026-03-09 00:00:00+00:00,82092.11,5412771325.09
2026-03-10 00:00:00+00:00,81593.011,5580886459.353488
2026-03-11 00:00:00+00:00,80589.962,5633753832.235856
2026-03-12 00:00:00+00:00,82660.243,5798607780.4257
2026-03-13 00:00:00+00:00,84271.193,5940047298.446629
2026-03-14 00:00:00+00:00,83154.167,5895264561.9652
2026-03-15 00:00:00+00:00,83494.763,5942689659.6672
2026-03-16 00:00:00+00:00,83090.614,6047235178.1832
2026-03-17 00:00:00+00:00,88359.114,6613707290.641551
2026-03-18 00:00:00+00:00,93211.424,6885751598.2976
2026-03-19 00:00:00+00:00,85934.444,6119282055.695424
2026-03-20 00:00:00+00:00,86874.419,6072083733.190474
2026-03-21 00:00:00+00:00,86774.827,6115467845.499733
2026-03-22 00:00:00+00:00,86381.612,5950086368.8168
2026-03-23 00:00:00+00:00,86672.012,5879387266.8188
2026-03-24 00:00:00+00:00,85432.91,6054518040.664285
2026-03-25 00:00:00+00:00,86159.608,6076509318.67778
2026-03-26 00:00:00+00:00,86309.142,6153626051.745
2026-03-27 00:00:00+00:00,87406.838,6012543398.45203
2026-03-28 00:00:00+00:00,95177.686,6316390989.2412
2026-03-29 00:00:00+00:00,93836.989,6225327094.927259
2026-03-30 00:00:00+00:00,94223.417,6217661952.7045
2026-03-31 00:00:00+00:00,89941.694,6004606427.3034
2026-04-01 00:00:00+00:00,89212.452,6087857724.48
2026-04-02 00:00:00+00:00,89176.967,6071747563.6455
2026-04-03 00:00:00+00:00,90119.344,6026348660.500385
2026-04-04 00:00:00+00:00,90276.766,6042223948.38
2026-04-05 00:00:00+00:00,91402.972,6148641365.2512
2026-04-06 00:00:00+00:00,91034.347,6280741806.0057
2026-04-07 00:00:00+00:00,91588.306,6303299554.3626
2026-04-08 00:00:00+00:00,87992.192,6328106335.604133
2026-04-09 00:00:00+00:00,90980.258,6463611364.815402
2026-04-10 00:00:00+00:00,92972.174,6671269465.244076
2026-04-11 00:00:00+00:00,97125.236,7082119683.5064
2026-04-12 00:00:00+00:00,98725.848,7207692418.941281
2026-04-13 00:00:00+00:00,90771.452,6418385830.9036
2026-04-14 00:00:00+00:00,93639.144,6964827651.546005
2026-04-15 00:00:00+00:00,99507.758,7374211471.3302
2026-04-16 00:00:00+00:00,98125.761,7337471529.6882
2026-04-17 00:00:00+00:00,97937.095,7356550651.471322
2026-04-18 00:00:00+00:00,106822.363,8230152712.15132
2026-04-19 00:00:00+00:00,98259.906,7433735276.5428
2026-04-20 00:00:00+00:00,95695.642,7057530464.673793
2026-04-21 00:00:00+00:00,93250.322,7067777605.5392
2026-04-22 00:00:00+00:00,94836.652,7234926958.7716
2026-04-23 00:00:00+00:00,103867.514,8116627561.606857
2026-04-24 00:00:00+00:00,99156.659,7755518252.3532
2026-04-25 00:00:00+00:00,96175.274,7443571888.9766
2026-04-26 00:00:00+00:00,95901.376,7440508256.96
2026-04-27 00:00:00+00:00,96213.831,7563436604.5917
2026-04-28 00:00:00+00:00,97559.385,7544531933.386174
2026-04-29 00:00:00+00:00,97638.276,7449614946.0756
2026-04-30 00:00:00+00:00,95496.464,7233847598.3536
2026-05-01 00:00:00+00:00,95322.905,7272988012.4989395
2026-05-02 00:00:00+00:00,103865.007,8121402240.843299
2026-05-03 00:00:00+00:00,102089.13,8029811346.924078
2026-05-04 00:00:00+00:00,103389.523,8119065512.714701
2026-05-05 00:00:00+00:00,108685.105,8675908060.2405
2026-05-06 00:00:00+00:00,113249.77,9157591576.763
2026-05-07 00:00:00+00:00,106377.82,8658795642.074059
2026-05-08 00:00:00+00:00,103900.716,8308690896.8016
2026-05-09 00:00:00+00:00,100841.907,8082993139.7757
2026-05-10 00:00:00+00:00,100225.715,8081660980.539169
2026-05-11 00:00:00+00:00,100469.768,8256374453.7736
2026-05-12 00:00:00+00:00,100526.045,8212936557.381254
2026-05-13 00:00:00+00:00,105490.183,8487896434.258659
2026-05-14 00:00:00+00:00,104290.446,8269001740.5372
2026-05-15 00:00:00+00:00,110454.092,8952198019.656994
2026-05-16 00:00:00+00:00,101877.653,8055883721.087299
2026-05-17 00:00:00+00:00,101884.143,7958085954.343924
2026-05-18 00:00:00+00:00,100861.484,7810057721.314
2026-05-19 00:00:00+00:00,104459.024,8039490310.0144
2026-05-20 00:00:00+00:00,103836.691,7974657868.8
2026-05-21 00:00:00+00:00,101591.306,7874378647.925912
2026-05-22 00:00:00+00:00,100697.616,7812745374.4992
2026-05-23 00:00:00+00:00,104881.213,7919307702.4762
2026-05-24 00:00:00+00:00,102944.406,7897513726.637323
2026-05-25 00:00:00+00:00,99129.24,7635290930.064
2026-05-26 00:00:00+00:00,99831.465,7715266074.123638
2026-05-27 00:00:00+00:00,99129.766,7524053401.941593
2026-05-28 00:00:00+00:00,101125.283,7525541310.294
2026-05-29 00:00:00+00:00,106587.989,7844000019.410803
2026-05-30 00:00:00+00:00,104364.064,7663275800.6112
2026-05-31 00:00:00+00:00,103974.85,7678916981.96
2026-06-01 00:00:00+00:00,105050.102,7737315532.158862
2026-06-02 00:00:00+00:00,105358.559,7521284130.612499
2026-06-03 00:00:00+00:00,107552.946,7177092405.751463
2026-06-04 00:00:00+00:00,104752.196,6716459402.2496
2026-06-05 00:00:00+00:00,98688.417,6301849095.4616995
2026-06-06 00:00:00+00:00,101597.505,6201023262.678916
2026-06-07 00:00:00+00:00,101776.77,6193343236.743557
2026-06-08 00:00:00+00:00,98914.161,6261698694.923523
2026-06-09 00:00:00+00:00,98493.635,6211028321.827
2026-06-10 00:00:00+00:00,99232.019,6122146791.613028
2026-06-11 00:00:00+00:00,99363.017,6109780512.248925
2026-06-12 00:00:00+00:00,98329.492,6253559032.216
2026-06-12 23:55:00+00:00,97795.594,6214606832.3586
2026-06-14 00:00:00+00:00,100142.273,6451335468.5241
2026-06-15 00:00:00+00:00,101679.083,6681322376.0217
2026-06-16 00:00:00+00:00,103300.779,6847516496.323953
2026-06-16 23:55:00+00:00,102414.651,6723012609.319575
2026-06-17 23:55:00+00:00,99312.692,6403522307.531024
2026-06-18 23:55:00+00:00,98609.797,6204932727.4077
2026-06-19 23:55:00+00:00,97664.208,6202898010.6
2026-06-20 23:55:00+00:00,97540.135,6269488531.228532
2026-06-21 23:55:00+00:00,100266.126,6344840299.198036
2026-06-22 23:55:00+00:00,99597.37,6373276294.393521
2026-06-23 23:55:00+00:00,98871.044,6198898071.4592
2026-06-24 23:55:00+00:00,100826.834,6155589125.2174
2026-06-25 23:55:00+00:00,105339.465,6295950212.013
2026-06-26 23:55:00+00:00,103637.487,6225711119.064
2026-06-27 23:55:00+00:00,102912.567,6174784893.7701
2026-06-28 23:55:00+00:00,102976.528,6132283135.3584
2026-06-29 23:55:00+00:00,102060.266,6146720996.825621
2026-06-30 23:55:00+00:00,108494.197,6358356662.2835
2026-07-01 23:55:00+00:00,103471.249,6208233551.5004
2026-07-02 23:55:00+00:00,106938.477,6581058037.6662
2026-07-03 23:55:00+00:00,106236.154,6649185983.6315775
2026-07-04 23:55:00+00:00,106397.728,6715367081.1296
2026-07-05 23:55:00+00:00,105283.12,6698811383.357488
2026-07-06 23:55:00+00:00,102690.928,6574632628.808
2026-07-07 23:55:00+00:00,99418.277,6296278784.3424
2026-07-08 23:55:00+00:00,100362.595,6248314221.953
2026-07-09 23:55:00+00:00,100146.651,6329051472.724009
2026-07-10 23:55:00+00:00,103937.498,6665459777.991
2026-07-11 23:55:00+00:00,101386.256,6467203161.257036
2026-07-12 23:55:00+00:00,100679.523,6418319591.25
2026-07-13 23:55:00+00:00,107308.904,6686095881.528
2026-07-14 23:55:00+00:00,105378.41,6851145712.627
2026-07-15 23:55:00+00:00,102994.606,6666039336.797489
2026-07-16 23:55:00+00:00,101759.822,6492865497.457071
2026-07-17 23:55:00+00:00,100175.458,6401812818.948
2026-07-18 23:55:00+00:00,101424.449,6572983839.0083
2026-07-19 23:55:00+00:00,102374.608,6623104789.6384
2026-07-20 23:55:00+00:00,101264.626,6605274763.2935095
2026-07-21 23:55:00+00:00,104322.618,6939780491.3814
2026-07-22 23:55:00+00:00,102239.457,6756421156.070681
2026-07-23 23:55:00+00:00,104584.915,6805304178.103276
2026-07-24 23:55:00+00:00,106114.818,6803700116.8152
2026-07-25 23:55:00+00:00,107509.0,6917476416.904509
2026-07-26 23:55:00+00:00,104354.198,6821873937.9154
2026-07-27 23:55:00+00:00,105602.91,6729450397.131
2026-07-28 23:55:00+00:00,103253.297,6598257390.1692
2026-07-29 23:55:00+00:00,104348.71,6674049577.761
2026-07-30 23:55:00+00:00,106595.936,6902141264.728566
2026-07-31 23:55:00+00:00,109523.589,6884630899.8222
2026-08-01 23:55:00+00:00,108516.03,6813971110.569
2026-08-02 23:55:00+00:00,109126.559,6934992824.45
2026-08-03 23:55:00+00:00,108556.03,6893003948.116
2026-08-04 23:55:00+00:00,108225.652,6934623587.2912
2026-08-05 23:55:00+00:00,107104.832,6922603001.0048
2026-08-06 23:55:00+00:00,105767.527,6800841409.3473
2026-08-07 23:55:00+00:00,106954.613,6939798035.198703
2026-08-08 23:55:00+00:00,107208.906,6960955962.3294935
2026-08-09 23:55:00+00:00,107032.434,6943198658.022433
